{
  "test": "T4 v2 leave-one-condition-out transport",
  "status": "EXPLORATORY_EVOLUTIONARY",
  "results": [
    {
      "component": "activation_tcr",
      "coverage": 1.0,
      "mean_delta_auprc": 0.021210356847546408,
      "ci_low": -0.010437499965433703,
      "ci_high": 0.09779662385948266,
      "mean_coefficient": 0.36926194082535485,
      "p_perm": 0.26973026973026976,
      "q_perm_bh": 0.3596403596403597,
      "condition_gains": "{\"Rest\": 0.005121308719171269, \"Stim48hr\": 0.058818292703447406, \"Stim8hr\": -0.0003085308799794517}",
      "condition_coefficients": "{\"Rest\": 0.5788605753185461, \"Stim48hr\": 0.1562382371326486, \"Stim8hr\": 0.3726870100248699}",
      "verdict": "CONTEXT_DEPENDENT",
      "reason": ""
    },
    {
      "component": "th1_effector",
      "coverage": 1.0,
      "mean_delta_auprc": 0.10105405013181275,
      "ci_low": 0.02946827771673282,
      "ci_high": 0.2542983834820573,
      "mean_coefficient": 0.8756121382430972,
      "p_perm": 0.027972027972027972,
      "q_perm_bh": 0.11188811188811189,
      "condition_gains": "{\"Rest\": 0.08110242189511693, \"Stim48hr\": 0.08184832218457416, \"Stim8hr\": 0.14021140631574713}",
      "condition_coefficients": "{\"Rest\": 0.9680348968780901, \"Stim48hr\": 0.9104153121125114, \"Stim8hr\": 0.7483862057386905}",
      "verdict": "DIRECTIONAL_UNCERTAIN",
      "reason": ""
    },
    {
      "component": "th2",
      "coverage": 1.0,
      "mean_delta_auprc": 0.1737791089650739,
      "ci_low": 0.09096529097645913,
      "ci_high": 0.36403378641965606,
      "mean_coefficient": 1.1565433271723335,
      "p_perm": 0.001998001998001998,
      "q_perm_bh": 0.015984015984015984,
      "condition_gains": "{\"Rest\": 0.11233458140620137, \"Stim48hr\": 0.1546546899057512, \"Stim8hr\": 0.2543480555832692}",
      "condition_coefficients": "{\"Rest\": 1.4151561568458715, \"Stim48hr\": 1.2093910076258652, \"Stim8hr\": 0.8450828170452634}",
      "verdict": "SUPPORTED_EXPLORATORY",
      "reason": ""
    },
    {
      "component": "exhaustion_like",
      "coverage": 1.0,
      "mean_delta_auprc": 0.047516193657980925,
      "ci_low": -0.03959454569976056,
      "ci_high": 0.21141375122267095,
      "mean_coefficient": 0.41465126388150003,
      "p_perm": 0.13286713286713286,
      "q_perm_bh": 0.26573426573426573,
      "condition_gains": "{\"Rest\": 0.07265016676275404, \"Stim48hr\": 0.060552032275657475, \"Stim8hr\": 0.00934638193553125}",
      "condition_coefficients": "{\"Rest\": 0.4553644371648003, \"Stim48hr\": 0.4029754189596304, \"Stim8hr\": 0.38561393552006934}",
      "verdict": "DIRECTIONAL_UNCERTAIN",
      "reason": ""
    },
    {
      "component": "memory_stem_like",
      "coverage": 1.0,
      "mean_delta_auprc": -0.0017946226579155233,
      "ci_low": -0.04480888916326234,
      "ci_high": 0.0384470612163831,
      "mean_coefficient": -0.18902301613330705,
      "p_perm": 0.6253746253746254,
      "q_perm_bh": 0.6253746253746254,
      "condition_gains": "{\"Rest\": 0.0005496262317376266, \"Stim48hr\": 0.02332685178513097, \"Stim8hr\": -0.029260345990615166}",
      "condition_coefficients": "{\"Rest\": -0.3120567231516291, \"Stim48hr\": -0.115061143845126, \"Stim8hr\": -0.13995118140316606}",
      "verdict": "UNSUPPORTED",
      "reason": ""
    },
    {
      "component": "cd4_ctl_cytotoxic",
      "coverage": 1.0,
      "mean_delta_auprc": 0.04589773207853278,
      "ci_low": -0.027967495742051603,
      "ci_high": 0.1896821013454134,
      "mean_coefficient": 0.3620906878383556,
      "p_perm": 0.1968031968031968,
      "q_perm_bh": 0.3148851148851149,
      "condition_gains": "{\"Rest\": 0.09485530944403286, \"Stim48hr\": 0.023083926831593216, \"Stim8hr\": 0.019753959959972256}",
      "condition_coefficients": "{\"Rest\": 0.34787580983183436, \"Stim48hr\": 0.32174398018016825, \"Stim8hr\": 0.41665227350306405}",
      "verdict": "DIRECTIONAL_UNCERTAIN",
      "reason": ""
    },
    {
      "component": "treg",
      "coverage": 1.0,
      "mean_delta_auprc": -0.002544787759039116,
      "ci_low": -0.05085223304094086,
      "ci_high": 0.08186292976263389,
      "mean_coefficient": 0.09579378777341514,
      "p_perm": 0.5664335664335665,
      "q_perm_bh": 0.6253746253746254,
      "condition_gains": "{\"Rest\": 0.049436491014927475, \"Stim48hr\": -0.02382651876561666, \"Stim8hr\": -0.033244335526428165}",
      "condition_coefficients": "{\"Rest\": 0.1414990290045091, \"Stim48hr\": 0.19269951922113204, \"Stim8hr\": -0.04681718490539572}",
      "verdict": "UNSUPPORTED",
      "reason": ""
    },
    {
      "component": "repeatability",
      "coverage": 0.8803418803418803,
      "mean_delta_auprc": 0.06949881950094379,
      "ci_low": -0.023512843721000928,
      "ci_high": 0.2067751445847394,
      "mean_coefficient": 0.3566789630751364,
      "p_perm": 0.08591408591408592,
      "q_perm_bh": 0.22910422910422912,
      "condition_gains": "{\"Rest\": 0.13631247498262786, \"Stim48hr\": 0.031537601532359155, \"Stim8hr\": 0.04064638198784434}",
      "condition_coefficients": "{\"Rest\": 0.34330689997342057, \"Stim48hr\": 0.4362960583433288, \"Stim8hr\": 0.29043393090866}",
      "verdict": "DIRECTIONAL_UNCERTAIN",
      "reason": ""
    }
  ],
  "provenance": {
    "git_sha": "5825d227cf3965ecfac6260b3fca4d7730653901",
    "data_sha256": "97294892d769aa6a1387f6c19422f307ca1a8e05b61ed1e236f18391ed4e0108",
    "axes_sha256": "1bbcf56e4c749460f5d6e07648b341bcd28500c059c685bee1a418befeb063b7",
    "timestamp": "2026-07-12T12:56:57.842402-03:00",
    "command": "python scripts/run_t4_condition_transport_v2.py --n-resamples 1000",
    "seed": 20260712,
    "n_resamples": 1000,
    "method_version": "controllability_profile_v2",
    "n_positive_blocks": 13,
    "n_negatives_per_block": 8
  },
  "interpretation_boundary": "Within-screen context transport using the same genes across conditions; not independent biological replication."
}