{
  "all": {
    "tag": "all",
    "stratum": "all_disease",
    "n_patients": 87,
    "n_R": 60,
    "n_NR": 27,
    "n_studies": 9,
    "n_studies_both_classes": 5,
    "tests": {
      "A_persist__mean": {
        "leave_study_out": {
          "auroc": 0.5327160493827161,
          "ci": [
            0.4082710597826087,
            0.6501328382230084
          ],
          "perm_p": 0.13786213786213786
        },
        "leave_patient_out": {
          "auroc": 0.6425925925925927,
          "ci": [
            0.5115296048037984,
            0.7666666666666666
          ],
          "perm_p": 0.005994005994005994
        }
      },
      "A_persist__frachi": {
        "leave_study_out": {
          "auroc": 0.575925925925926,
          "ci": [
            0.455206228956229,
            0.6993485405525848
          ],
          "perm_p": 0.07492507492507493
        },
        "leave_patient_out": {
          "auroc": 0.6333333333333333,
          "ci": [
            0.5006993006993007,
            0.761212686567164
          ],
          "perm_p": 0.006993006993006993
        }
      },
      "A_eff_exh__mean": {
        "leave_study_out": {
          "auroc": 0.5067901234567902,
          "ci": [
            0.36577419354838714,
            0.6356053349012559
          ],
          "perm_p": 0.22777222777222778
        },
        "leave_patient_out": {
          "auroc": 0.5351851851851852,
          "ci": [
            0.41416589458928166,
            0.6584806120414672
          ],
          "perm_p": 0.11188811188811189
        }
      },
      "A_eff_exh__frachi": {
        "leave_study_out": {
          "auroc": 0.5203703703703704,
          "ci": [
            0.39342913802221047,
            0.6485480829977096
          ],
          "perm_p": 0.2137862137862138
        },
        "leave_patient_out": {
          "auroc": 0.5444444444444445,
          "ci": [
            0.41930916305916305,
            0.667286556036556
          ],
          "perm_p": 0.07892107892107893
        }
      }
    },
    "baselines": {
      "b_total_counts": {
        "leave_study_out": {
          "auroc": 0.2580246913580247,
          "ci": [
            0.14744102944622353,
            0.3742737525632262
          ],
          "perm_p": null
        },
        "leave_patient_out": {
          "auroc": 0.0,
          "ci": [
            0.0,
            0.0
          ],
          "perm_p": null
        }
      },
      "b_cd8_frac": {
        "leave_study_out": {
          "auroc": 0.5845679012345679,
          "ci": [
            0.45379088611358903,
            0.7102338286713287
          ],
          "perm_p": null
        },
        "leave_patient_out": {
          "auroc": 0.6148148148148148,
          "ci": [
            0.48820364939719785,
            0.7358383470405326
          ],
          "perm_p": null
        }
      },
      "b_n_cells": {
        "leave_study_out": {
          "auroc": 0.49135802469135803,
          "ci": [
            0.3654215989597346,
            0.6210482804232803
          ],
          "perm_p": null
        },
        "leave_patient_out": {
          "auroc": 0.5148148148148147,
          "ci": [
            0.3951598804421385,
            0.6333627717391302
          ],
          "perm_p": null
        }
      },
      "b_n_features": {
        "leave_study_out": {
          "auroc": 0.2771604938271605,
          "ci": [
            0.17339418777943366,
            0.39239063311036915
          ],
          "perm_p": null
        },
        "leave_patient_out": {
          "auroc": 0.2160493827160494,
          "ci": [
            0.12690934065934065,
            0.31781811282570194
          ],
          "perm_p": null
        }
      }
    }
  },
  "infusionproduct": {
    "tag": "infusionproduct",
    "stratum": "all_disease",
    "n_patients": 73,
    "n_R": 47,
    "n_NR": 26,
    "n_studies": 7,
    "n_studies_both_classes": 4,
    "tests": {
      "A_persist__mean": {
        "leave_study_out": {
          "auroc": 0.5155482815057283,
          "ci": [
            0.3790902724726254,
            0.6519407044743643
          ],
          "perm_p": 0.17182817182817184
        },
        "leave_patient_out": {
          "auroc": 0.5785597381342062,
          "ci": [
            0.4382858527131783,
            0.707980769230769
          ],
          "perm_p": 0.024975024975024976
        }
      },
      "A_persist__frachi": {
        "leave_study_out": {
          "auroc": 0.47954173486088386,
          "ci": [
            0.3437395833333333,
            0.6182539682539683
          ],
          "perm_p": 0.2857142857142857
        },
        "leave_patient_out": {
          "auroc": 0.5482815057283141,
          "ci": [
            0.4158715986394558,
            0.6835143202208419
          ],
          "perm_p": 0.06393606393606394
        }
      },
      "A_eff_exh__mean": {
        "leave_study_out": {
          "auroc": 0.41407528641571195,
          "ci": [
            0.2761707410236822,
            0.5669035239307947
          ],
          "perm_p": 0.5314685314685315
        },
        "leave_patient_out": {
          "auroc": 0.5106382978723404,
          "ci": [
            0.3672987376768889,
            0.663592597844583
          ],
          "perm_p": 0.17382617382617382
        }
      },
      "A_eff_exh__frachi": {
        "leave_study_out": {
          "auroc": 0.41571194762684127,
          "ci": [
            0.27286469344608877,
            0.5556855345911949
          ],
          "perm_p": 0.5154845154845155
        },
        "leave_patient_out": {
          "auroc": 0.49427168576104746,
          "ci": [
            0.3391243961352657,
            0.6408708938120701
          ],
          "perm_p": 0.1958041958041958
        }
      }
    },
    "baselines": {
      "b_total_counts": {
        "leave_study_out": {
          "auroc": 0.4509001636661211,
          "ci": [
            0.30485538534334894,
            0.5966845335515546
          ],
          "perm_p": null
        },
        "leave_patient_out": {
          "auroc": 0.4713584288052374,
          "ci": [
            0.3208692164612881,
            0.6198837024688417
          ],
          "perm_p": null
        }
      },
      "b_cd8_frac": {
        "leave_study_out": {
          "auroc": 0.44271685761047463,
          "ci": [
            0.2960139933166249,
            0.5952962735089478
          ],
          "perm_p": null
        },
        "leave_patient_out": {
          "auroc": 0.47708674304418985,
          "ci": [
            0.33857241458047915,
            0.619512617516081
          ],
          "perm_p": null
        }
      },
      "b_n_cells": {
        "leave_study_out": {
          "auroc": 0.532733224222586,
          "ci": [
            0.39332286634460545,
            0.6636661211129296
          ],
          "perm_p": null
        },
        "leave_patient_out": {
          "auroc": 0.5008183306055647,
          "ci": [
            0.3674574829931973,
            0.634183712121212
          ],
          "perm_p": null
        }
      },
      "b_n_features": {
        "leave_study_out": {
          "auroc": 0.48608837970540103,
          "ci": [
            0.33584654999544256,
            0.6433286218612305
          ],
          "perm_p": null
        },
        "leave_patient_out": {
          "auroc": 0.5032733224222585,
          "ci": [
            0.34941646948634525,
            0.6476587301587299
          ],
          "perm_p": null
        }
      }
    }
  },
  "all_NHL": {
    "tag": "all",
    "stratum": "NHL",
    "n_patients": 77,
    "n_R": 51,
    "n_NR": 26,
    "n_studies": 5,
    "n_studies_both_classes": 4,
    "tests": {
      "A_persist__mean": {
        "leave_study_out": {
          "auroc": 0.4894419306184012,
          "ci": [
            0.34860259433962265,
            0.6242944036762611
          ],
          "perm_p": 0.2997002997002997
        },