{
  "verdict": "NULL",
  "primary": {
    "auroc": 0.5327160493827161,
    "ci": [
      0.4082710597826087,
      0.6501328382230084
    ],
    "perm_p": 0.13786213786213786
  },
  "best_baseline_lso": 0.5845679012345679
}